episode,step,warehouse_1_stock,warehouse_2_stock,action,reward,holding_cost,stockout_cost,order_cost,total_cost,service_level,explanation
0,0,50.0,50.0,4,-5017.613675213675,0.0,340.0,4500.0,4840.0,0.8547008547008547,Large order 40 units (stock: 50)
0,1,0.0,0.0,5,-24896.8,0.0,2380.0,5000.0,7380.0,0.0,Large order 50 units (stock: 0)
0,2,0.0,0.0,5,-4416.4,2.0,280.0,4000.0,4282.0,0.86,Large order 50 units (stock: 0)
0,3,0.0,4.0,5,-4832.056692913386,0.0,460.0,4000.0,4460.0,0.8188976377952756,Large order 50 units (stock: 0)
0,4,0.0,0.0,4,-19116.599086757993,0.0,2780.0,4000.0,6780.0,0.365296803652968,Large order 40 units (stock: 0)
0,5,0.0,0.0,5,-26691.136121673004,0.0,3660.0,5000.0,8660.0,0.30418250950570347,Large order 50 units (stock: 0)
0,6,0.0,0.0,5,-20408.68416289593,0.0,2820.0,5000.0,7820.0,0.3619909502262444,Large order 50 units (stock: 0)
0,7,0.0,0.0,5,-19634.17704918033,0.0,2880.0,5000.0,7880.0,0.4098360655737705,Large order 50 units (stock: 0)
0,8,0.0,0.0,5,-6625.098507462687,0.0,680.0,5000.0,5680.0,0.7462686567164178,Large order 50 units (stock: 0)
0,9,0.0,0.0,5,-8564.969696969696,0.0,1300.0,4000.0,5300.0,0.6060606060606061,Large order 50 units (stock: 0)
0,10,0.0,0.0,5,-8418.41038961039,0.0,1080.0,5000.0,6080.0,0.6493506493506493,Large order 50 units (stock: 0)
0,11,0.0,0.0,5,-15428.576344086023,0.0,2120.0,5000.0,7120.0,0.4301075268817204,Large order 50 units (stock: 0)
0,12,0.0,0.0,5,-7202.717730496453,0.0,820.0,5000.0,5820.0,0.7092198581560284,Large order 50 units (stock: 0)
0,13,0.0,0.0,4,-6819.116339869281,0.0,1060.0,3500.0,4560.0,0.6535947712418301,Large order 40 units (stock: 0)
0,14,0.0,0.0,5,-30329.71861198738,0.0,4340.0,5000.0,9340.0,0.3154574132492114,Large order 50 units (stock: 0)
0,15,0.0,0.0,5,-32814.10731707317,0.0,4340.0,5000.0,9340.0,0.24390243902439024,Large order 50 units (stock: 0)
0,16,0.0,0.0,5,-27922.814617940203,0.0,4020.0,5000.0,9020.0,0.3322259136212624,Large order 50 units (stock: 0)
0,17,0.0,0.0,5,-28222.12805280528,0.0,4060.0,5000.0,9060.0,0.33003300330033003,Large order 50 units (stock: 0)
0,18,0.0,0.0,5,-24663.567025089604,0.0,3580.0,5000.0,8580.0,0.3584229390681004,Large order 50 units (stock: 0)
0,19,0.0,0.0,5,-32609.677108433738,0.0,4640.0,5000.0,9640.0,0.3012048192771084,Large order 50 units (stock: 0)
0,20,0.0,0.0,5,-26285.241379310344,0.0,3800.0,5000.0,8800.0,0.3448275862068966,Large order 50 units (stock: 0)
0,21,0.0,0.0,5,-25989.155555555557,0.0,3760.0,5000.0,8760.0,0.3472222222222222,Large order 50 units (stock: 0)
0,22,0.0,0.0,5,-5980.0,0.0,500.0,5000.0,5500.0,0.8,Large order 50 units (stock: 0)
0,23,0.0,0.0,4,-2968.303448275862,0.0,320.0,2500.0,2820.0,0.8620689655172413,Large order 40 units (stock: 0)
0,24,0.0,0.0,4,-3921.04347826087,0.0,300.0,3500.0,3800.0,0.8695652173913043,Large order 40 units (stock: 0)
0,25,0.0,0.0,4,-11381.803174603174,0.0,1520.0,3500.0,5020.0,0.39682539682539686,Large order 40 units (stock: 0)
0,26,0.0,0.0,4,-6215.42641509434,0.0,720.0,4000.0,4720.0,0.6603773584905661,Large order 40 units (stock: 0)
0,27,0.0,0.0,4,-7081.035294117647,0.0,980.0,3500.0,4480.0,0.5882352941176471,Large order 40 units (stock: 0)
0,28,0.0,0.0,4,-8868.386394557823,0.0,1340.0,3500.0,4840.0,0.5442176870748299,Large order 40 units (stock: 0)
0,29,0.0,0.0,4,-7693.333333333334,0.0,1000.0,4000.0,5000.0,0.5833333333333333,Large order 40 units (stock: 0)
0,30,0.0,0.0,4,-8728.336842105262,0.0,1260.0,3500.0,4760.0,0.5263157894736843,Large order 40 units (stock: 0)
0,31,0.0,0.0,4,-3580.0,0.0,80.0,3500.0,3580.0,0.9523809523809523,Large order 40 units (stock: 0)
0,32,0.0,0.0,3,-2828.905128205128,1.5,220.0,2500.0,2721.5,0.858974358974359,Order 30 units (stock: 0)
0,33,3.0,0.0,2,-2009.0,9.0,0.0,2000.0,2009.0,1.0,Order 20 units (stock: 3)
0,34,14.0,4.0,1,-6310.311811023623,0.0,1180.0,1500.0,2680.0,0.5354330708661417,Order 10 units (stock: 14)
0,35,0.0,0.0,4,-12014.096551724138,0.0,1520.0,3500.0,5020.0,0.3448275862068966,Large order 40 units (stock: 0)
0,36,0.0,0.0,4,-11538.98775510204,0.0,1360.0,3500.0,4860.0,0.30612244897959184,Large order 40 units (stock: 0)
0,37,0.0,0.0,3,-3006.0,6.0,0.0,3000.0,3006.0,1.0,Order 30 units (stock: 0)
0,38,7.0,5.0,1,-1517.0,17.0,0.0,1500.0,1517.0,1.0,Order 10 units (stock: 7)
0,39,20.0,14.0,3,-1527.5,27.5,0.0,1500.0,1527.5,1.0,Order 30 units (stock: 20)
0,40,32.0,23.0,1,-1512.0,12.0,0.0,1500.0,1512.0,1.0,Order 10 units (stock: 32)
0,41,11.0,13.0,3,-3237.081818181818,8.5,140.0,3000.0,3148.5,0.8409090909090909,Order 30 units (stock: 11)
0,42,17.0,0.0,1,-4730.528735632184,0.0,800.0,1500.0,2300.0,0.5402298850574713,Order 10 units (stock: 17)
0,43,0.0,0.0,4,-4522.311111111111,0.0,420.0,3500.0,3920.0,0.7407407407407407,Large order 40 units (stock: 0)
0,44,0.0,0.0,3,-9682.777528089888,0.0,1180.0,3000.0,4180.0,0.3370786516853933,Order 30 units (stock: 0)
0,45,0.0,0.0,4,-6115.272727272728,0.0,800.0,3500.0,4300.0,0.6363636363636364,Large order 40 units (stock: 0)
0,46,0.0,0.0,4,-3605.1666666666665,2.5,100.0,3500.0,3602.5,0.9166666666666666,Large order 40 units (stock: 0)
0,47,5.0,0.0,1,-1882.0455696202534,4.0,240.0,1500.0,1744.0,0.8481012658227848,Order 10 units (stock: 5)
0,48,8.0,0.0,4,-3508.0,8.0,0.0,3500.0,3508.0,1.0,Large order 40 units (stock: 8)
0,49,10.0,6.0,3,-6133.644943820225,0.0,860.0,2500.0,3360.0,0.5168539325842696,Order 30 units (stock: 10)
0,50,0.0,0.0,3,-4396.874226804124,0.0,540.0,3000.0,3540.0,0.7216494845360825,Order 30 units (stock: 0)
0,51,0.0,0.0,4,-8768.717757009344,0.0,1140.0,3500.0,4640.0,0.4672897196261683,Large order 40 units (stock: 0)
1,0,50.0,50.0,4,-5021.520689655173,0.5,340.0,4500.0,4840.5,0.853448275862069,Large order 40 units (stock: 50)
1,1,0.0,1.0,5,-22899.06788990826,0.0,2160.0,5000.0,7160.0,0.00917431192660545,Large order 50 units (stock: 0)
1,2,0.0,0.0,5,-4450.857142857143,0.0,300.0,4000.0,4300.0,0.8571428571428572,Large order 50 units (stock: 0)
1,3,0.0,0.0,5,-4853.730081300813,0.0,460.0,4000.0,4460.0,0.8130081300813008,Large order 50 units (stock: 0)
1,4,0.0,0.0,4,-8431.706474820145,0.0,1180.0,4000.0,5180.0,0.5755395683453237,Large order 40 units (stock: 0)
1,5,0.0,0.0,5,-29451.328113879004,0.0,4020.0,5000.0,9020.0,0.2846975088967971,Large order 50 units (stock: 0)
1,6,0.0,0.0,5,-28374.026277372264,0.0,3880.0,5000.0,8880.0,0.291970802919708,Large order 50 units (stock: 0)
1,7,0.0,0.0,5,-30784.0,0.0,4400.0,5000.0,9400.0,0.3125,Large order 50 units (stock: 0)
1,8,0.0,0.0,5,-7202.717730496453,0.0,820.0,5000.0,5820.0,0.7092198581560284,Large order 50 units (stock: 0)
1,9,0.0,0.0,5,-6558.48275862069,0.0,900.0,4000.0,4900.0,0.6896551724137931,Large order 50 units (stock: 0)
1,10,0.0,0.0,4,-9682.857142857145,0.0,1500.0,4000.0,5500.0,0.5714285714285714,Large order 40 units (stock: 0)
1,11,0.0,0.0,5,-12618.060606060606,0.0,1700.0,5000.0,6700.0,0.48484848484848486,Large order 50 units (stock: 0)
1,12,0.0,0.0,5,-9431.706474820145,0.0,1180.0,5000.0,6180.0,0.5755395683453237,Large order 50 units (stock: 0)
1,13,0.0,0.0,4,-7849.550920245399,0.0,1260.0,3500.0,4760.0,0.6134969325153374,Large order 40 units (stock: 0)
1,14,0.0,0.0,5,-6323.6923076923085,0.0,600.0,5000.0,5600.0,0.7692307692307692,Large order 50 units (stock: 0)
1,15,0.0,0.0,4,-11035.25298013245,0.0,1620.0,3500.0,5120.0,0.4635761589403974,Large order 40 units (stock: 0)
1,16,0.0,0.0,4,-6116.571428571429,0.0,800.0,4000.0,4800.0,0.7142857142857143,Large order 40 units (stock: 0)
1,17,0.0,0.0,4,-11007.733333333334,0.0,1540.0,4000.0,5540.0,0.47619047619047616,Large order 40 units (stock: 0)
1,18,0.0,0.0,4,-8431.706474820145,0.0,1180.0,4000.0,5180.0,0.5755395683453237,Large order 40 units (stock: 0)
1,19,0.0,0.0,4,-25386.57164750958,0.0,3620.0,4000.0,7620.0,0.30651340996168586,Large order 40 units (stock: 0)
1,20,0.0,0.0,5,-24870.8812749004,0.0,3420.0,5000.0,8420.0,0.3187250996015937,Large order 50 units (stock: 0)
1,21,0.0,0.0,5,-22028.193103448277,0.0,3040.0,5000.0,8040.0,0.3448275862068966,Large order 50 units (stock: 0)
1,22,0.0,0.0,4,-16375.657142857144,0.0,2480.0,4500.0,6980.0,0.4464285714285714,Large order 40 units (stock: 0)
1,23,0.0,0.0,5,-6323.6923076923085,0.0,600.0,5000.0,5600.0,0.7692307692307692,Large order 50 units (stock: 0)
1,24,0.0,0.0,4,-3481.221052631579,0.0,480.0,2500.0,2980.0,0.7894736842105263,Large order 40 units (stock: 0)
1,25,0.0,0.0,3,-3253.6144144144146,0.0,220.0,3000.0,3220.0,0.9009009009009009,Order 30 units (stock: 0)
1,26,0.0,0.0,4,-6750.804395604396,0.0,820.0,3500.0,4320.0,0.5494505494505495,Large order 40 units (stock: 0)
1,27,0.0,0.0,3,-5419.200000000001,0.0,720.0,3000.0,3720.0,0.625,Order 30 units (stock: 0)
1,28,0.0,0.0,3,-4000.1391304347826,0.0,440.0,3000.0,3440.0,0.7608695652173914,Order 30 units (stock: 0)
1,29,0.0,0.0,4,-10571.307462686567,0.0,1480.0,3500.0,4980.0,0.4477611940298507,Large order 40 units (stock: 0)
1,30,0.0,0.0,4,-7069.458823529412,0.0,840.0,4000.0,4840.0,0.5882352941176471,Large order 40 units (stock: 0)
1,31,0.0,0.0,3,-5749.820689655173,0.0,920.0,2500.0,3420.0,0.603448275862069,Order 30 units (stock: 0)
1,32,0.0,0.0,4,-3505.5,5.5,0.0,3500.0,3505.5,1.0,Large order 40 units (stock: 0)
1,33,2.0,9.0,1,-3691.7473684210527,0.0,680.0,1500.0,2180.0,0.6421052631578947,Order 10 units (stock: 2)
1,34,0.0,0.0,3,-3785.788764044944,0.0,380.0,3000.0,3380.0,0.7865168539325843,Order 30 units (stock: 0)
1,35,0.0,0.0,4,-10481.617582417583,0.0,1220.0,3500.0,4720.0,0.3296703296703297,Large order 40 units (stock: 0)
1,36,0.0,0.0,3,-2600.0,0.0,100.0,2500.0,2600.0,0.9230769230769231,Order 30 units (stock: 0)
1,37,0.0,0.0,1,-1515.0,15.0,0.0,1500.0,1515.0,1.0,Order 10 units (stock: 0)
1,38,16.0,14.0,1,-1015.5,15.5,0.0,1000.0,1015.5,1.0,Order 10 units (stock: 16)
1,39,22.0,9.0,3,-5107.337373737374,0.0,760.0,2500.0,3260.0,0.6161616161616161,Order 30 units (stock: 22)
1,40,0.0,0.0,4,-17065.40854700855,0.0,1940.0,3500.0,5440.0,0.1709401709401709,Large order 40 units (stock: 0)
1,41,0.0,0.0,4,-6670.362790697674,0.0,720.0,4000.0,4720.0,0.5813953488372092,Large order 40 units (stock: 0)
1,42,0.0,0.0,3,-4156.0,0.0,600.0,2500.0,3100.0,0.7,Order 30 units (stock: 0)
1,43,0.0,0.0,3,-3007.5,7.5,0.0,3000.0,3007.5,1.0,Order 30 units (stock: 0)
1,44,6.0,9.0,3,-2507.0,7.0,0.0,2500.0,2507.0,1.0,Order 30 units (stock: 6)
1,45,10.0,4.0,1,-1507.0,7.0,0.0,1500.0,1507.0,1.0,Order 10 units (stock: 10)
1,46,11.0,3.0,3,-3693.2641975308643,0.0,340.0,3000.0,3340.0,0.7901234567901234,Order 30 units (stock: 11)
1,47,0.0,0.0,4,-7862.202739726028,0.0,860.0,3500.0,4360.0,0.410958904109589,Large order 40 units (stock: 0)
1,48,0.0,0.0,3,-3944.0,0.0,400.0,3000.0,3400.0,0.75,Order 30 units (stock: 0)
1,49,0.0,0.0,3,-3479.131325301205,0.5,280.0,3000.0,3280.5,0.8313253012048193,Order 30 units (stock: 0)
1,50,1.0,0.0,4,-13297.832258064516,0.0,1880.0,3500.0,5380.0,0.3935483870967742,Large order 40 units (stock: 1)
1,51,0.0,0.0,4,-14143.507692307694,0.0,1920.0,4000.0,5920.0,0.3846153846153846,Large order 40 units (stock: 0)
2,0,50.0,50.0,4,-4586.0,6.0,80.0,4500.0,4586.0,0.9565217391304348,Large order 40 units (stock: 50)
2,1,12.0,0.0,4,-34128.64466019417,0.0,3880.0,3500.0,7380.0,0.058252427184465994,Large order 40 units (stock: 12)
2,2,0.0,0.0,5,-16973.38009478673,0.0,2420.0,5000.0,7420.0,0.42654028436018954,Large order 50 units (stock: 0)
2,3,0.0,0.0,5,-23352.226548672566,0.0,3120.0,5000.0,8120.0,0.3097345132743363,Large order 50 units (stock: 0)
2,4,0.0,0.0,5,-19353.97024793389,0.0,2840.0,5000.0,7840.0,0.4132231404958677,Large order 50 units (stock: 0)
2,5,0.0,0.0,5,-6251.900775193799,0.0,580.0,5000.0,5580.0,0.7751937984496124,Large order 50 units (stock: 0)
2,6,0.0,0.0,5,-4734.340495867768,0.0,420.0,4000.0,4420.0,0.8264462809917356,Large order 50 units (stock: 0)
2,7,0.0,0.0,5,-7220.715789473685,0.0,1040.0,4000.0,5040.0,0.6578947368421053,Large order 50 units (stock: 0)
2,8,0.0,0.0,5,-8543.993893129771,0.0,1020.0,5000.0,6020.0,0.6106870229007634,Large order 50 units (stock: 0)
2,9,0.0,0.0,5,-11618.060606060606,0.0,1700.0,4000.0,5700.0,0.48484848484848486,Large order 50 units (stock: 0)
2,10,0.0,0.0,5,-6112.825196850394,0.0,540.0,5000.0,5540.0,0.7874015748031495,Large order 50 units (stock: 0)
2,11,0.0,0.0,5,-10098.41045751634,0.0,1460.0,4000.0,5460.0,0.522875816993464,Large order 50 units (stock: 0)
2,12,0.0,0.0,4,-26027.728813559323,0.0,3900.0,4000.0,7900.0,0.3389830508474576,Large order 40 units (stock: 0)
2,13,0.0,0.0,5,-33489.904885993485,0.0,4540.0,5000.0,9540.0,0.26058631921824105,Large order 50 units (stock: 0)
2,14,0.0,0.0,5,-40269.71428571429,0.0,5400.0,5000.0,10400.0,0.22857142857142854,Large order 50 units (stock: 0)
2,15,0.0,0.0,5,-9242.943209876543,0.0,1240.0,5000.0,6240.0,0.617283950617284,Large order 50 units (stock: 0)
2,16,0.0,0.0,4,-6202.717730496453,0.0,820.0,4000.0,4820.0,0.7092198581560284,Large order 40 units (stock: 0)
2,17,0.0,0.0,4,-7742.943209876543,0.0,1240.0,3500.0,4740.0,0.617283950617284,Large order 40 units (stock: 0)
2,18,0.0,0.0,4,-7760.848120300752,0.0,1060.0,4000.0,5060.0,0.6015037593984962,Large order 40 units (stock: 0)
2,19,0.0,0.0,4,-10877.06301369863,0.0,1520.0,4000.0,5520.0,0.4794520547945206,Large order 40 units (stock: 0)
2,20,0.0,0.0,5,-7115.8426229508195,0.0,840.0,4500.0,5340.0,0.6557377049180328,Large order 50 units (stock: 0)
2,21,0.0,0.0,4,-22918.632258064517,0.0,3360.0,3500.0,6860.0,0.32258064516129037,Large order 40 units (stock: 0)
2,22,0.0,0.0,4,-18857.810526315792,0.0,2760.0,4500.0,7260.0,0.39473684210526316,Large order 40 units (stock: 0)
2,23,0.0,0.0,4,-26996.414229249014,0.0,3660.0,4500.0,8160.0,0.27667984189723316,Large order 40 units (stock: 0)
2,24,0.0,0.0,5,-19785.58961038961,0.0,2820.0,5000.0,7820.0,0.38961038961038963,Large order 50 units (stock: 0)
2,25,0.0,0.0,4,-4736.265306122449,1.0,200.0,4500.0,4701.0,0.8979591836734694,Large order 40 units (stock: 0)
2,26,0.0,2.0,3,-2142.5,2.5,140.0,2000.0,2142.5,0.9326923076923077,Order 30 units (stock: 0)
2,27,5.0,0.0,4,-3580.5,0.5,80.0,3500.0,3580.5,0.9591836734693877,Large order 40 units (stock: 5)
2,28,1.0,0.0,3,-6448.493827160493,0.0,800.0,3000.0,3800.0,0.5061728395061729,Order 30 units (stock: 1)
2,29,0.0,0.0,3,-2628.4857142857145,3.0,120.0,2500.0,2623.0,0.9142857142857143,Order 30 units (stock: 0)
2,30,6.0,0.0,3,-2502.5,2.5,0.0,2500.0,2502.5,1.0,Order 30 units (stock: 6)
2,31,4.0,1.0,1,-11374.917006802722,0.0,1840.0,1500.0,3340.0,0.37414965986394555,Order 10 units (stock: 4)
2,32,0.0,0.0,4,-12452.923076923078,0.0,1600.0,4000.0,5600.0,0.3846153846153846,Large order 40 units (stock: 0)
2,33,0.0,0.0,4,-11996.942574257426,0.0,1420.0,3500.0,4920.0,0.29702970297029707,Large order 40 units (stock: 0)
2,34,0.0,0.0,3,-2514.0,14.0,0.0,2500.0,2514.0,1.0,Order 30 units (stock: 0)
2,35,18.0,10.0,1,-1529.0,29.0,0.0,1500.0,1529.0,1.0,Order 10 units (stock: 18)
2,36,33.0,25.0,1,-516.0,16.0,0.0,500.0,516.0,1.0,Order 10 units (stock: 33)
2,37,26.0,6.0,3,-3012.0,12.0,0.0,3000.0,3012.0,1.0,Order 30 units (stock: 26)
2,38,15.0,9.0,1,-1845.0444444444445,3.0,160.0,1500.0,1663.0,0.7777777777777778,Order 10 units (stock: 15)
2,39,6.0,0.0,1,-1006.0,6.0,0.0,1000.0,1006.0,1.0,Order 10 units (stock: 6)
2,40,7.0,5.0,3,-3739.578947368421,0.0,300.0,3000.0,3300.0,0.736842105263158,Order 30 units (stock: 7)
2,41,0.0,0.0,3,-6315.636363636364,0.0,700.0,2500.0,3200.0,0.36363636363636365,Order 30 units (stock: 0)
2,42,0.0,0.0,3,-7104.695652173914,0.0,1100.0,2500.0,3600.0,0.5217391304347826,Order 30 units (stock: 0)
2,43,0.0,0.0,4,-10121.20341880342,0.0,1340.0,3500.0,4840.0,0.4273504273504274,Large order 40 units (stock: 0)
2,44,0.0,0.0,4,-12385.118796992481,0.0,1660.0,3500.0,5160.0,0.37593984962406013,Large order 40 units (stock: 0)
2,45,0.0,0.0,4,-5429.2504854368935,0.0,660.0,3500.0,4160.0,0.6796116504854368,Large order 40 units (stock: 0)
2,46,0.0,0.0,3,-8977.087769784173,0.0,1380.0,3000.0,4380.0,0.5035971223021583,Order 30 units (stock: 0)
2,47,0.0,0.0,4,-11402.666666666668,0.0,1600.0,4000.0,5600.0,0.4666666666666667,Large order 40 units (stock: 0)
2,48,0.0,0.0,4,-4522.311111111111,0.0,420.0,3500.0,3920.0,0.7407407407407407,Large order 40 units (stock: 0)
2,49,0.0,0.0,3,-2884.352688172043,0.0,260.0,2500.0,2760.0,0.8602150537634409,Order 30 units (stock: 0)
2,50,0.0,0.0,3,-6141.391304347826,0.0,900.0,3000.0,3900.0,0.6086956521739131,Order 30 units (stock: 0)
2,51,0.0,0.0,4,-12529.874626865672,0.0,1680.0,3500.0,5180.0,0.3731343283582089,Large order 40 units (stock: 0)
3,0,50.0,50.0,4,-11846.408465608467,0.0,1780.0,4500.0,6280.0,0.5291005291005291,Large order 40 units (stock: 50)
3,1,0.0,0.0,5,-43957.6,0.0,4660.0,5000.0,9660.0,0.0,Large order 50 units (stock: 0)
3,2,0.0,0.0,5,-19500.18864628821,0.0,2780.0,5000.0,7780.0,0.39301310043668125,Large order 50 units (stock: 0)
3,3,0.0,0.0,5,-6181.6,0.0,560.0,5000.0,5560.0,0.78125,Large order 50 units (stock: 0)
3,4,0.0,0.0,5,-21914.90936329588,0.0,3340.0,4000.0,7340.0,0.37453183520599254,Large order 50 units (stock: 0)
3,5,0.0,0.0,5,-19915.265040650407,0.0,2920.0,5000.0,7920.0,0.4065040650406504,Large order 50 units (stock: 0)
3,6,0.0,0.0,5,-23218.666666666668,0.0,3200.0,5000.0,8200.0,0.33333333333333337,Large order 50 units (stock: 0)
3,7,0.0,0.0,5,-19074.666666666668,0.0,2800.0,5000.0,7800.0,0.41666666666666663,Large order 50 units (stock: 0)
3,8,0.0,0.0,5,-22625.735849056604,0.0,3300.0,5000.0,8300.0,0.37735849056603776,Large order 50 units (stock: 0)
3,9,0.0,0.0,5,-17966.951724137933,0.0,2640.0,5000.0,7640.0,0.43103448275862066,Large order 50 units (stock: 0)
3,10,0.0,0.0,5,-17146.846017699114,0.0,2520.0,5000.0,7520.0,0.4424778761061947,Large order 50 units (stock: 0)
3,11,0.0,0.0,5,-19493.962139917698,0.0,2860.0,5000.0,7860.0,0.411522633744856,Large order 50 units (stock: 0)
3,12,0.0,0.0,5,-21048.0125984252,0.0,3080.0,5000.0,8080.0,0.39370078740157477,Large order 50 units (stock: 0)
3,13,0.0,0.0,5,-19493.962139917698,0.0,2860.0,5000.0,7860.0,0.411522633744856,Large order 50 units (stock: 0)
3,14,0.0,0.0,5,-8721.482802547771,0.0,1140.0,5000.0,6140.0,0.6369426751592357,Large order 50 units (stock: 0)
3,15,0.0,0.0,4,-6558.48275862069,0.0,900.0,4000.0,4900.0,0.6896551724137931,Large order 40 units (stock: 0)
3,16,0.0,0.0,4,-8064.969696969697,0.0,1300.0,3500.0,4800.0,0.6060606060606061,Large order 40 units (stock: 0)
3,17,0.0,0.0,5,-9204.852554744526,0.0,1140.0,5000.0,6140.0,0.583941605839416,Large order 50 units (stock: 0)
3,18,0.0,0.0,4,-8268.0,0.0,1100.0,4000.0,5100.0,0.56,Large order 40 units (stock: 0)
3,19,0.0,0.0,4,-6431.055033557048,0.0,980.0,3500.0,4480.0,0.6711409395973154,Large order 40 units (stock: 0)
3,20,0.0,0.0,4,-23268.148987854252,0.0,3340.0,4000.0,7340.0,0.3238866396761133,Large order 40 units (stock: 0)
3,21,0.0,0.0,5,-19161.195959595963,0.0,2560.0,5000.0,7560.0,0.3535353535353535,Large order 50 units (stock: 0)
3,22,0.0,0.0,5,-21084.41572052402,0.0,2980.0,4500.0,7480.0,0.3493449781659389,Large order 50 units (stock: 0)
3,23,0.0,0.0,4,-4660.0,0.0,160.0,4500.0,4660.0,0.9259259259259259,Large order 40 units (stock: 0)
3,24,0.0,0.0,4,-3414.6265486725665,0.0,460.0,2500.0,2960.0,0.7964601769911505,Large order 40 units (stock: 0)
3,25,0.0,0.0,4,-4225.818181818182,0.0,400.0,3500.0,3900.0,0.8181818181818181,Large order 40 units (stock: 0)
3,26,0.0,0.0,3,-8268.717757009344,0.0,1140.0,3000.0,4140.0,0.4672897196261683,Order 30 units (stock: 0)
3,27,0.0,0.0,4,-4575.707526881721,0.0,460.0,3500.0,3960.0,0.7526881720430108,Large order 40 units (stock: 0)
3,28,0.0,0.0,3,-3654.1473684210528,0.0,320.0,3000.0,3320.0,0.7894736842105263,Order 30 units (stock: 0)
3,29,0.0,0.0,3,-2561.0,1.0,60.0,2500.0,2561.0,0.9577464788732395,Order 30 units (stock: 0)
3,30,2.0,0.0,3,-3140.328205128205,0.0,320.0,2500.0,2820.0,0.7948717948717949,Order 30 units (stock: 2)
3,31,0.0,0.0,3,-4233.955555555556,0.0,440.0,3000.0,3440.0,0.6944444444444444,Order 30 units (stock: 0)
3,32,0.0,0.0,3,-3391.9529411764706,0.0,360.0,2500.0,2860.0,0.7352941176470589,Order 30 units (stock: 0)
3,33,0.0,0.0,3,-2800.5714285714284,0.0,200.0,2500.0,2700.0,0.8571428571428572,Order 30 units (stock: 0)
3,34,0.0,0.0,3,-3161.4,3.0,120.0,3000.0,3123.0,0.88,Order 30 units (stock: 0)
3,35,6.0,0.0,1,-2330.1405405405403,0.0,360.0,1500.0,1860.0,0.7567567567567568,Order 10 units (stock: 6)
3,36,0.0,0.0,3,-2634.2,1.0,120.0,2500.0,2621.0,0.90625,Order 30 units (stock: 0)
3,37,2.0,0.0,3,-5292.266666666666,0.0,560.0,3000.0,3560.0,0.5333333333333333,Order 30 units (stock: 2)
3,38,0.0,0.0,3,-2690.9,0.5,140.0,2500.0,2640.5,0.875,Order 30 units (stock: 0)
3,39,1.0,0.0,3,-2503.0,3.0,0.0,2500.0,2503.0,1.0,Order 30 units (stock: 1)
3,40,5.0,1.0,1,-2651.2205128205132,0.0,440.0,1500.0,1940.0,0.717948717948718,Order 10 units (stock: 5)
3,41,0.0,0.0,4,-7607.2326530612245,0.0,960.0,3500.0,4460.0,0.5102040816326531,Large order 40 units (stock: 0)
3,42,0.0,0.0,4,-9885.572413793103,0.0,1140.0,3500.0,4640.0,0.3448275862068966,Large order 40 units (stock: 0)
3,43,0.0,0.0,3,-5513.460550458716,0.0,780.0,3000.0,3780.0,0.6422018348623852,Order 30 units (stock: 0)
3,44,0.0,0.0,4,-5245.576237623763,0.0,620.0,3500.0,4120.0,0.693069306930693,Large order 40 units (stock: 0)
3,45,0.0,0.0,4,-8104.695652173914,0.0,1100.0,3500.0,4600.0,0.5217391304347826,Large order 40 units (stock: 0)
3,46,0.0,0.0,3,-9104.0,0.0,1400.0,3000.0,4400.0,0.5,Order 30 units (stock: 0)
3,47,0.0,0.0,4,-4529.583783783784,5.0,280.0,4000.0,4285.0,0.8108108108108107,Large order 40 units (stock: 0)
3,48,10.0,0.0,3,-2916.407042253521,5.5,240.0,2500.0,2745.5,0.8309859154929577,Order 30 units (stock: 10)
3,49,11.0,0.0,3,-5152.800000000001,0.0,780.0,3000.0,3780.0,0.7,Order 30 units (stock: 11)
3,50,0.0,0.0,4,-11098.606451612904,0.0,1480.0,3500.0,4980.0,0.4032258064516129,Large order 40 units (stock: 0)
3,51,0.0,0.0,4,-12788.0,0.0,1800.0,3500.0,5300.0,0.4,Large order 40 units (stock: 0)
4,0,50.0,50.0,4,-4506.0,6.0,0.0,4500.0,4506.0,1.0,Large order 40 units (stock: 50)
4,1,12.0,0.0,4,-18836.505263157895,0.0,2040.0,3500.0,5540.0,0.10526315789473684,Large order 40 units (stock: 12)
4,2,0.0,0.0,5,-6078.6,0.0,760.0,4000.0,4760.0,0.703125,Large order 50 units (stock: 0)
4,3,0.0,0.0,5,-7969.667796610171,0.0,960.0,4500.0,5460.0,0.5932203389830508,Large order 50 units (stock: 0)
4,4,0.0,0.0,4,-7592.611764705883,0.0,1120.0,3500.0,4620.0,0.5882352941176471,Large order 40 units (stock: 0)
4,5,0.0,0.0,5,-6119.613793103448,0.0,520.0,5000.0,5520.0,0.7758620689655172,Large order 50 units (stock: 0)
4,6,0.0,0.0,5,-8862.76923076923,0.0,1200.0,4000.0,5200.0,0.5384615384615384,Large order 50 units (stock: 0)
4,7,0.0,0.0,4,-6720.715789473685,0.0,1040.0,3500.0,4540.0,0.6578947368421053,Large order 40 units (stock: 0)
4,8,0.0,0.0,5,-11471.302564102565,0.0,1520.0,5000.0,6520.0,0.5128205128205128,Large order 50 units (stock: 0)
4,9,0.0,0.0,5,-29050.58859315589,0.0,3860.0,5000.0,8860.0,0.26615969581749055,Large order 50 units (stock: 0)
4,10,0.0,0.0,5,-23349.925925925927,0.0,3400.0,5000.0,8400.0,0.37037037037037035,Large order 50 units (stock: 0)
4,11,0.0,0.0,5,-20480.0,0.0,3000.0,5000.0,8000.0,0.4,Large order 50 units (stock: 0)
4,12,0.0,0.0,5,-7836.410810810811,0.0,960.0,5000.0,5960.0,0.6756756756756757,Large order 50 units (stock: 0)
4,13,0.0,0.0,4,-7532.0,0.0,1200.0,3500.0,4700.0,0.625,Large order 40 units (stock: 0)
4,14,0.0,0.0,5,-7558.48275862069,0.0,900.0,5000.0,5900.0,0.6896551724137931,Large order 50 units (stock: 0)
4,15,0.0,0.0,4,-11007.733333333334,0.0,1540.0,4000.0,5540.0,0.47619047619047616,Large order 40 units (stock: 0)
4,16,0.0,0.0,4,-7026.666666666666,0.0,1000.0,4000.0,5000.0,0.6666666666666667,Large order 40 units (stock: 0)
4,17,0.0,0.0,5,-34713.72578616352,0.0,4760.0,4500.0,9260.0,0.2515723270440252,Large order 50 units (stock: 0)
4,18,0.0,0.0,5,-42179.12928176796,0.0,5640.0,5000.0,10640.0,0.22099447513812154,Large order 50 units (stock: 0)
4,19,0.0,0.0,5,-32951.495924764895,0.0,4580.0,5000.0,9580.0,0.2821316614420063,Large order 50 units (stock: 0)
4,20,0.0,0.0,5,-25251.310247349826,0.0,3660.0,5000.0,8660.0,0.3533568904593639,Large order 50 units (stock: 0)
4,21,0.0,0.0,5,-6783.905882352941,0.0,720.0,5000.0,5720.0,0.7352941176470589,Large order 50 units (stock: 0)
4,22,0.0,0.0,4,-4531.591366906476,0.0,780.0,2500.0,3280.0,0.7194244604316546,Large order 40 units (stock: 0)
4,23,0.0,0.0,4,-7220.715789473685,0.0,1040.0,4000.0,5040.0,0.6578947368421053,Large order 40 units (stock: 0)
4,24,0.0,0.0,4,-9534.524770642201,0.0,1180.0,4000.0,5180.0,0.45871559633027525,Large order 40 units (stock: 0)
4,25,0.0,0.0,4,-12244.658563535913,0.0,2020.0,2500.0,4520.0,0.4419889502762431,Large order 40 units (stock: 0)
4,26,0.0,0.0,4,-14704.408510638299,0.0,2160.0,4000.0,6160.0,0.42553191489361697,Large order 40 units (stock: 0)
4,27,0.0,0.0,4,-13758.49784172662,0.0,1780.0,4000.0,5780.0,0.3597122302158273,Large order 40 units (stock: 0)
4,28,0.0,0.0,4,-6416.0,0.0,900.0,3500.0,4400.0,0.64,Large order 40 units (stock: 0)
4,29,0.0,0.0,4,-3710.41797752809,0.0,180.0,3500.0,3680.0,0.898876404494382,Large order 40 units (stock: 0)
4,30,0.0,0.0,3,-2544.0,4.0,40.0,2500.0,2544.0,0.96875,Order 30 units (stock: 0)
4,31,8.0,0.0,1,-2035.529411764706,4.0,300.0,1500.0,1804.0,0.8235294117647058,Order 10 units (stock: 8)
4,32,8.0,0.0,4,-7204.495238095238,0.0,940.0,3500.0,4440.0,0.5523809523809524,Large order 40 units (stock: 8)
4,33,0.0,0.0,4,-12150.164705882355,0.0,1440.0,3500.0,4940.0,0.2941176470588235,Large order 40 units (stock: 0)
4,34,0.0,0.0,3,-4567.99191919192,0.0,580.0,3000.0,3580.0,0.7070707070707071,Order 30 units (stock: 0)
4,35,0.0,0.0,4,-4981.6,0.0,560.0,3500.0,4060.0,0.7142857142857143,Large order 40 units (stock: 0)
4,36,0.0,0.0,4,-3540.5,0.5,40.0,3500.0,3540.5,0.9672131147540983,Large order 40 units (stock: 0)
4,37,1.0,0.0,1,-1645.6262295081967,8.0,120.0,1500.0,1628.0,0.9016393442622951,Order 10 units (stock: 1)
4,38,16.0,0.0,3,-2515.0,15.0,0.0,2500.0,2515.0,1.0,Order 30 units (stock: 16)
4,39,21.0,9.0,1,-1510.0,10.0,0.0,1500.0,1510.0,1.0,Order 10 units (stock: 21)
4,40,7.0,13.0,3,-2002.5,2.5,0.0,2000.0,2002.5,1.0,Order 30 units (stock: 7)
4,41,0.0,5.0,3,-4411.2,0.0,420.0,3000.0,3420.0,0.625,Order 30 units (stock: 0)
4,42,0.0,0.0,3,-3796.5,4.5,380.0,2500.0,2884.5,0.62,Order 30 units (stock: 0)
4,43,9.0,0.0,1,-4558.038938053098,0.0,880.0,1500.0,2380.0,0.6106194690265487,Order 10 units (stock: 9)
4,44,0.0,0.0,4,-10259.430508474576,0.0,1360.0,3500.0,4860.0,0.423728813559322,Large order 40 units (stock: 0)
4,45,0.0,0.0,4,-19081.501369863014,0.0,2320.0,3500.0,5820.0,0.20547945205479456,Large order 40 units (stock: 0)
4,46,0.0,0.0,4,-4188.882051282051,0.0,160.0,4000.0,4160.0,0.8974358974358975,Large order 40 units (stock: 0)
4,47,0.0,0.0,3,-8859.526760563382,0.0,1440.0,2500.0,3940.0,0.49295774647887325,Order 30 units (stock: 0)
4,48,0.0,0.0,4,-9130.068965517243,0.0,1300.0,4000.0,5300.0,0.5517241379310345,Large order 40 units (stock: 0)
4,49,0.0,0.0,4,-21357.202116402117,0.0,2780.0,4000.0,6780.0,0.26455026455026454,Large order 40 units (stock: 0)
4,50,0.0,0.0,4,-15319.689795918368,0.0,2320.0,3500.0,5820.0,0.40816326530612246,Large order 40 units (stock: 0)
4,51,0.0,0.0,4,-12403.504093567253,0.0,1820.0,4000.0,5820.0,0.4678362573099415,Large order 40 units (stock: 0)
5,0,50.0,50.0,4,-4505.0,5.0,0.0,4500.0,4505.0,1.0,Large order 40 units (stock: 50)
5,1,7.0,3.0,4,-40923.44362139917,0.0,4660.0,3500.0,8160.0,0.04115226337448563,Large order 40 units (stock: 7)
5,2,0.0,0.0,5,-22536.0,0.0,3200.0,5000.0,8200.0,0.36,Large order 50 units (stock: 0)
5,3,0.0,0.0,5,-27496.414229249014,0.0,3660.0,5000.0,8660.0,0.27667984189723316,Large order 50 units (stock: 0)
5,4,0.0,0.0,5,-5468.303448275862,0.0,320.0,5000.0,5320.0,0.8620689655172413,Large order 50 units (stock: 0)
5,5,0.0,0.0,5,-4622.178151260504,0.0,380.0,4000.0,4380.0,0.8403361344537815,Large order 50 units (stock: 0)
5,6,0.0,0.0,5,-6290.005633802817,0.0,840.0,4000.0,4840.0,0.704225352112676,Large order 50 units (stock: 0)
5,7,0.0,0.0,5,-8981.185185185186,0.0,1100.0,5000.0,6100.0,0.5925925925925926,Large order 50 units (stock: 0)
5,8,0.0,0.0,4,-8748.898630136988,0.0,1320.0,3500.0,4820.0,0.547945205479452,Large order 40 units (stock: 0)
5,9,0.0,0.0,5,-8026.666666666666,0.0,1000.0,5000.0,6000.0,0.6666666666666667,Large order 50 units (stock: 0)
5,10,0.0,0.0,5,-11359.526760563382,0.0,1440.0,5000.0,6440.0,0.49295774647887325,Large order 50 units (stock: 0)
5,11,0.0,0.0,5,-6290.005633802817,0.0,840.0,4000.0,4840.0,0.704225352112676,Large order 50 units (stock: 0)
5,12,0.0,0.0,4,-27521.90163934426,0.0,4100.0,4000.0,8100.0,0.3278688524590164,Large order 40 units (stock: 0)
5,13,0.0,0.0,5,-23817.52131147541,0.0,3280.0,5000.0,8280.0,0.3278688524590164,Large order 50 units (stock: 0)
5,14,0.0,0.0,5,-28989.053237410073,0.0,3960.0,5000.0,8960.0,0.28776978417266186,Large order 50 units (stock: 0)
5,15,0.0,0.0,5,-22049.468199233717,0.0,3220.0,5000.0,8220.0,0.3831417624521073,Large order 50 units (stock: 0)
5,16,0.0,0.0,5,-21476.080933852143,0.0,3140.0,5000.0,8140.0,0.3891050583657587,Large order 50 units (stock: 0)
5,17,0.0,0.0,5,-17146.846017699114,0.0,2520.0,5000.0,7520.0,0.4424778761061947,Large order 50 units (stock: 0)
5,18,0.0,0.0,5,-22337.250190114068,0.0,3260.0,5000.0,8260.0,0.3802281368821293,Large order 50 units (stock: 0)
5,19,0.0,0.0,5,-6625.098507462687,0.0,680.0,5000.0,5680.0,0.7462686567164178,Large order 50 units (stock: 0)
5,20,0.0,0.0,4,-5283.905882352941,0.0,720.0,3500.0,4220.0,0.7352941176470589,Large order 40 units (stock: 0)
5,21,0.0,0.0,4,-13249.907692307694,0.0,2160.0,3500.0,5660.0,0.4807692307692307,Large order 40 units (stock: 0)
5,22,0.0,0.0,4,-16621.66956521739,0.0,2280.0,4500.0,6780.0,0.3804347826086957,Large order 40 units (stock: 0)
5,23,0.0,0.0,4,-20540.35140186916,0.0,2880.0,4000.0,6880.0,0.3271028037383178,Large order 40 units (stock: 0)
5,24,0.0,0.0,4,-6320.0,0.0,700.0,4500.0,5200.0,0.72,Large order 40 units (stock: 0)
5,25,0.0,0.0,4,-16168.321531100479,0.0,2580.0,2500.0,5080.0,0.3827751196172249,Large order 40 units (stock: 0)
5,26,0.0,0.0,4,-13272.540314136126,0.0,2020.0,4000.0,6020.0,0.47120418848167545,Large order 40 units (stock: 0)
5,27,0.0,0.0,4,-15237.363758389263,0.0,1980.0,4000.0,5980.0,0.3355704697986577,Large order 40 units (stock: 0)
5,28,0.0,0.0,4,-4784.0,0.0,400.0,4000.0,4400.0,0.8,Large order 40 units (stock: 0)
5,29,0.0,0.0,3,-9878.13652694611,0.0,1740.0,2000.0,3740.0,0.47904191616766467,Order 30 units (stock: 0)
5,30,0.0,0.0,4,-14154.017391304347,0.0,2080.0,4000.0,6080.0,0.4347826086956522,Large order 40 units (stock: 0)
5,31,0.0,0.0,4,-14921.793939393941,0.0,1840.0,4000.0,5840.0,0.303030303030303,Large order 40 units (stock: 0)
5,32,0.0,0.0,4,-3511.5,11.5,0.0,3500.0,3511.5,1.0,Large order 40 units (stock: 0)
5,33,8.0,15.0,1,-514.5,14.5,0.0,500.0,514.5,1.0,Order 10 units (stock: 8)
5,34,9.0,20.0,3,-2515.5,15.5,0.0,2500.0,2515.5,1.0,Order 30 units (stock: 9)
5,35,11.0,20.0,3,-3451.507692307692,0.0,220.0,3000.0,3220.0,0.7884615384615384,Order 30 units (stock: 11)
5,36,0.0,0.0,1,-1703.6692307692308,2.5,140.0,1500.0,1642.5,0.8653846153846154,Order 10 units (stock: 0)
5,37,5.0,0.0,3,-2585.5,5.5,80.0,2500.0,2585.5,0.9310344827586207,Order 30 units (stock: 5)
5,38,11.0,0.0,3,-3250.8571428571427,0.0,300.0,2500.0,2800.0,0.7321428571428572,Order 30 units (stock: 11)
5,39,0.0,0.0,1,-1525.0,5.0,20.0,1500.0,1525.0,0.975609756097561,Order 10 units (stock: 0)
5,40,10.0,0.0,1,-1512.5,12.5,0.0,1500.0,1512.5,1.0,Order 10 units (stock: 10)
5,41,25.0,0.0,3,-3309.3076923076924,9.0,300.0,2500.0,2809.0,0.7115384615384616,Order 30 units (stock: 25)
5,42,18.0,0.0,3,-5227.771428571429,0.0,720.0,2500.0,3220.0,0.5714285714285714,Order 30 units (stock: 18)
5,43,0.0,0.0,3,-6132.444444444444,0.0,800.0,3000.0,3800.0,0.5555555555555556,Order 30 units (stock: 0)
5,44,0.0,0.0,4,-7607.2326530612245,0.0,960.0,3500.0,4460.0,0.5102040816326531,Large order 40 units (stock: 0)
5,45,0.0,0.0,4,-6024.544329896908,0.0,740.0,3500.0,4240.0,0.6185567010309279,Large order 40 units (stock: 0)
5,46,0.0,0.0,3,-3103.5,3.5,100.0,3000.0,3103.5,0.9264705882352942,Order 30 units (stock: 0)
5,47,7.0,0.0,3,-2543.5,3.5,40.0,2500.0,2543.5,0.9722222222222222,Order 30 units (stock: 7)
5,48,7.0,0.0,3,-6438.750877192982,0.0,940.0,3000.0,3940.0,0.5877192982456141,Order 30 units (stock: 7)
5,49,0.0,0.0,4,-13258.49784172662,0.0,1780.0,3500.0,5280.0,0.3597122302158273,Large order 40 units (stock: 0)
5,50,0.0,0.0,4,-10936.427067669174,0.0,1460.0,4000.0,5460.0,0.45112781954887216,Large order 40 units (stock: 0)
5,51,0.0,0.0,4,-14477.745454545455,0.0,2120.0,3500.0,5620.0,0.3977272727272727,Large order 40 units (stock: 0)
6,0,50.0,50.0,4,-4603.5,3.5,100.0,4500.0,4603.5,0.9489795918367347,Large order 40 units (stock: 50)
6,1,0.0,7.0,5,-36357.87439613527,0.0,4000.0,4000.0,8000.0,0.033816425120772986,Large order 50 units (stock: 0)
6,2,0.0,0.0,5,-20646.754430379748,0.0,2940.0,5000.0,7940.0,0.379746835443038,Large order 50 units (stock: 0)
6,3,0.0,0.0,5,-19825.29400921659,0.0,2740.0,5000.0,7740.0,0.36866359447004604,Large order 50 units (stock: 0)
6,4,0.0,0.0,5,-21762.40617760618,0.0,3180.0,5000.0,8180.0,0.3861003861003861,Large order 50 units (stock: 0)
6,5,0.0,0.0,5,-6703.851851851852,0.0,700.0,5000.0,5700.0,0.7407407407407407,Large order 50 units (stock: 0)
6,6,0.0,0.0,5,-4853.730081300813,0.0,460.0,4000.0,4460.0,0.8130081300813008,Large order 50 units (stock: 0)
6,7,0.0,0.0,4,-23016.99568345324,0.0,3560.0,3500.0,7060.0,0.3597122302158273,Large order 40 units (stock: 0)
6,8,0.0,0.0,5,-31308.480546075087,0.0,4260.0,5000.0,9260.0,0.273037542662116,Large order 50 units (stock: 0)
6,9,0.0,0.0,5,-33603.33150684932,0.0,4440.0,5000.0,9440.0,0.23972602739726023,Large order 50 units (stock: 0)
6,10,0.0,0.0,5,-7836.410810810811,0.0,960.0,5000.0,5960.0,0.6756756756756757,Large order 50 units (stock: 0)
6,11,0.0,0.0,4,-8064.969696969697,0.0,1300.0,3500.0,4800.0,0.6060606060606061,Large order 40 units (stock: 0)
6,12,0.0,0.0,5,-7031.591366906476,0.0,780.0,5000.0,5780.0,0.7194244604316546,Large order 50 units (stock: 0)
6,13,0.0,0.0,5,-13475.625316455697,0.0,1760.0,5000.0,6760.0,0.44303797468354433,Large order 50 units (stock: 0)
6,14,0.0,0.0,5,-22849.925925925927,0.0,3400.0,4500.0,7900.0,0.37037037037037035,Large order 50 units (stock: 0)
6,15,0.0,0.0,5,-21762.40617760618,0.0,3180.0,5000.0,8180.0,0.3861003861003861,Large order 50 units (stock: 0)
6,16,0.0,0.0,5,-19642.782608695656,0.0,2800.0,5000.0,7800.0,0.3913043478260869,Large order 50 units (stock: 0)
6,17,0.0,0.0,5,-20338.50281124498,0.0,2980.0,5000.0,7980.0,0.40160642570281124,Large order 50 units (stock: 0)
6,18,0.0,0.0,5,-7742.753741496599,0.0,940.0,5000.0,5940.0,0.6802721088435374,Large order 50 units (stock: 0)
6,19,0.0,0.0,4,-6819.116339869281,0.0,1060.0,3500.0,4560.0,0.6535947712418301,Large order 40 units (stock: 0)
6,20,0.0,0.0,4,-4734.340495867768,0.0,420.0,4000.0,4420.0,0.8264462809917356,Large order 40 units (stock: 0)
6,21,0.0,0.0,4,-11168.294736842105,0.0,1640.0,3500.0,5140.0,0.4605263157894737,Large order 40 units (stock: 0)
6,22,0.0,0.0,4,-6814.864516129033,0.0,880.0,4000.0,4880.0,0.6451612903225806,Large order 40 units (stock: 0)
6,23,0.0,0.0,4,-6859.254700854701,0.0,940.0,3500.0,4440.0,0.5982905982905983,Large order 40 units (stock: 0)
6,24,0.0,0.0,4,-4417.61568627451,0.0,440.0,3500.0,3940.0,0.7843137254901961,Large order 40 units (stock: 0)
6,25,0.0,0.0,3,-5215.42641509434,0.0,720.0,3000.0,3720.0,0.6603773584905661,Order 30 units (stock: 0)
6,26,0.0,0.0,4,-4218.690909090909,0.0,360.0,3500.0,3860.0,0.7954545454545454,Large order 40 units (stock: 0)
6,27,0.0,0.0,3,-5011.269565217392,0.0,640.0,3000.0,3640.0,0.6521739130434783,Order 30 units (stock: 0)
6,28,0.0,0.0,3,-3531.5294117647063,0.0,300.0,3000.0,3300.0,0.8235294117647058,Order 30 units (stock: 0)
6,29,0.0,0.0,3,-3522.311111111111,0.0,420.0,2500.0,2920.0,0.7407407407407407,Order 30 units (stock: 0)
6,30,0.0,0.0,3,-3042.0,2.0,40.0,3000.0,3042.0,0.9655172413793104,Order 30 units (stock: 0)
6,31,0.0,4.0,1,-2349.6000000000004,0.0,360.0,1500.0,1860.0,0.75,Order 10 units (stock: 0)
6,32,0.0,0.0,4,-3022.5,2.5,20.0,3000.0,3022.5,0.9821428571428571,Large order 40 units (stock: 0)
6,33,5.0,0.0,3,-4811.3,0.0,580.0,2500.0,3080.0,0.546875,Order 30 units (stock: 5)
6,34,0.0,0.0,1,-1634.2,1.0,120.0,1500.0,1621.0,0.90625,Order 10 units (stock: 0)
6,35,2.0,0.0,3,-2847.5446808510637,7.0,180.0,2500.0,2687.0,0.8085106382978724,Order 30 units (stock: 2)
6,36,14.0,0.0,3,-2868.296296296296,0.0,200.0,2500.0,2700.0,0.8148148148148149,Order 30 units (stock: 14)
6,37,0.0,0.0,1,-1843.6864406779662,0.5,200.0,1500.0,1700.5,0.8305084745762712,Order 10 units (stock: 0)
6,38,1.0,0.0,3,-3995.789473684211,0.0,500.0,2500.0,3000.0,0.6710526315789473,Order 30 units (stock: 1)
6,39,0.0,0.0,3,-10735.2,0.0,1320.0,3000.0,4320.0,0.3125,Order 30 units (stock: 0)
6,40,0.0,0.0,4,-5728.448780487805,0.0,640.0,3500.0,4140.0,0.6097560975609756,Large order 40 units (stock: 0)
6,41,0.0,0.0,3,-3725.1000000000004,1.5,460.0,2500.0,2961.5,0.7125,Order 30 units (stock: 0)
6,42,0.0,3.0,3,-2517.0,17.0,0.0,2500.0,2517.0,1.0,Order 30 units (stock: 0)
6,43,20.0,14.0,1,-1522.0,22.0,0.0,1500.0,1522.0,1.0,Order 10 units (stock: 20)
6,44,25.0,19.0,1,-1521.0,21.0,0.0,1500.0,1521.0,1.0,Order 10 units (stock: 25)
6,45,27.0,15.0,3,-2504.5,4.5,0.0,2500.0,2504.5,1.0,Order 30 units (stock: 27)
6,46,4.0,5.0,3,-6148.505263157896,0.0,740.0,3000.0,3740.0,0.513157894736842,Order 30 units (stock: 4)
6,47,0.0,0.0,3,-4610.357894736842,0.0,520.0,3000.0,3520.0,0.6578947368421053,Order 30 units (stock: 0)
6,48,0.0,0.0,3,-10890.285714285714,0.0,1600.0,3000.0,4600.0,0.4285714285714286,Order 30 units (stock: 0)
6,49,0.0,0.0,4,-14800.99512195122,0.0,2080.0,3500.0,5580.0,0.36585365853658536,Large order 40 units (stock: 0)
6,50,0.0,0.0,4,-11071.307462686567,0.0,1480.0,4000.0,5480.0,0.4477611940298507,Large order 40 units (stock: 0)
6,51,0.0,0.0,4,-12797.28780487805,0.0,1880.0,3500.0,5380.0,0.426829268292683,Large order 40 units (stock: 0)
7,0,50.0,50.0,4,-4693.625242718446,3.0,180.0,4500.0,4683.0,0.912621359223301,Large order 40 units (stock: 50)
7,1,6.0,0.0,5,-18981.43157894737,0.0,1780.0,5000.0,6780.0,0.06315789473684208,Large order 50 units (stock: 6)
7,2,0.0,0.0,5,-5020.804587155963,2.5,480.0,4000.0,4482.5,0.7798165137614679,Large order 50 units (stock: 0)
7,3,0.0,5.0,5,-13667.790654205608,0.0,2180.0,4000.0,6180.0,0.49065420560747663,Large order 50 units (stock: 0)
7,4,0.0,0.0,5,-21584.41572052402,0.0,2980.0,5000.0,7980.0,0.3493449781659389,Large order 50 units (stock: 0)
7,5,0.0,0.0,5,-22028.193103448277,0.0,3040.0,5000.0,8040.0,0.3448275862068966,Large order 50 units (stock: 0)
7,6,0.0,0.0,5,-7558.48275862069,0.0,900.0,5000.0,5900.0,0.6896551724137931,Large order 50 units (stock: 0)
7,7,0.0,0.0,5,-6031.591366906476,0.0,780.0,4000.0,4780.0,0.7194244604316546,Large order 50 units (stock: 0)
7,8,0.0,0.0,4,-6283.905882352941,0.0,720.0,4500.0,5220.0,0.7352941176470589,Large order 40 units (stock: 0)
7,9,0.0,0.0,5,-13935.42857142857,0.0,1900.0,5000.0,6900.0,0.4571428571428572,Large order 50 units (stock: 0)
7,10,0.0,0.0,5,-9162.786577181208,0.0,1180.0,5000.0,6180.0,0.6040268456375839,Large order 50 units (stock: 0)
7,11,0.0,0.0,5,-8242.943209876543,0.0,1240.0,4000.0,5240.0,0.617283950617284,Large order 50 units (stock: 0)
7,12,0.0,0.0,5,-9564.969696969696,0.0,1300.0,5000.0,6300.0,0.6060606060606061,Large order 50 units (stock: 0)
7,13,0.0,0.0,5,-11722.612658227848,0.0,1560.0,5000.0,6560.0,0.5063291139240507,Large order 50 units (stock: 0)
7,14,0.0,0.0,4,-8564.969696969696,0.0,1300.0,4000.0,5300.0,0.6060606060606061,Large order 40 units (stock: 0)
7,15,0.0,0.0,4,-7518.580645161291,0.0,1100.0,4000.0,5100.0,0.6451612903225806,Large order 40 units (stock: 0)
7,16,0.0,0.0,5,-29143.050896057346,0.0,3980.0,5000.0,8980.0,0.28673835125448033,Large order 50 units (stock: 0)
7,17,0.0,0.0,5,-32085.841610738258,0.0,4360.0,5000.0,9360.0,0.2684563758389261,Large order 50 units (stock: 0)
7,18,0.0,0.0,5,-25104.158865248228,0.0,3640.0,5000.0,8640.0,0.35460992907801414,Large order 50 units (stock: 0)
7,19,0.0,0.0,5,-7931.055033557048,0.0,980.0,5000.0,5980.0,0.6711409395973154,Large order 50 units (stock: 0)
7,20,0.0,0.0,4,-4971.612121212122,0.0,640.0,3500.0,4140.0,0.7575757575757576,Large order 40 units (stock: 0)
7,21,0.0,0.0,4,-4896.940458015268,0.0,620.0,3500.0,4120.0,0.7633587786259541,Large order 40 units (stock: 0)
7,22,0.0,0.0,4,-8035.583739837399,0.0,1060.0,4000.0,5060.0,0.5691056910569106,Large order 40 units (stock: 0)
7,23,0.0,0.0,4,-22004.144493392072,0.0,3140.0,3500.0,6640.0,0.3083700440528634,Large order 40 units (stock: 0)
7,24,0.0,0.0,4,-15759.733333333335,0.0,2240.0,4500.0,6740.0,0.41666666666666663,Large order 40 units (stock: 0)
7,25,0.0,0.0,4,-22048.8,0.0,3080.0,4000.0,7080.0,0.3125,Large order 40 units (stock: 0)
7,26,0.0,0.0,4,-16750.10704225352,0.0,2460.0,4500.0,6960.0,0.4225352112676056,Large order 40 units (stock: 0)
7,27,0.0,0.0,4,-5349.813861386138,0.0,420.0,4500.0,4920.0,0.7920792079207921,Large order 40 units (stock: 0)
7,28,0.0,0.0,4,-8977.439053254438,0.0,1580.0,2500.0,4080.0,0.5325443786982249,Large order 40 units (stock: 0)
7,29,0.0,0.0,4,-9638.400000000001,0.0,1440.0,4000.0,5440.0,0.5555555555555556,Large order 40 units (stock: 0)
7,30,0.0,0.0,4,-16136.645161290322,0.0,2100.0,4000.0,6100.0,0.32258064516129037,Large order 40 units (stock: 0)
7,31,0.0,0.0,4,-3655.4128205128204,4.5,140.0,3500.0,3644.5,0.9102564102564102,Large order 40 units (stock: 0)
7,32,9.0,0.0,2,-2020.5,20.5,0.0,2000.0,2020.5,1.0,Order 20 units (stock: 9)
7,33,26.0,15.0,1,-1527.5,27.5,0.0,1500.0,1527.5,1.0,Order 10 units (stock: 26)
7,34,34.0,21.0,3,-2521.0,21.0,0.0,2500.0,2521.0,1.0,Order 30 units (stock: 34)
7,35,21.0,21.0,1,-2482.2297872340428,0.0,440.0,1500.0,1940.0,0.7659574468085106,Order 10 units (stock: 21)
7,36,0.0,0.0,4,-7482.1113402061865,0.0,940.0,3500.0,4440.0,0.5154639175257731,Large order 40 units (stock: 0)
7,37,0.0,0.0,4,-10182.777528089888,0.0,1180.0,3500.0,4680.0,0.3370786516853933,Large order 40 units (stock: 0)
7,38,0.0,0.0,3,-2844.321621621622,3.5,220.0,2500.0,2723.5,0.8513513513513513,Order 30 units (stock: 0)
7,39,7.0,0.0,2,-2048.5,8.5,40.0,2000.0,2048.5,0.967741935483871,Order 20 units (stock: 7)
7,40,17.0,0.0,1,-2089.0,9.0,80.0,2000.0,2089.0,0.9245283018867925,Order 10 units (stock: 17)
7,41,18.0,0.0,3,-2811.3,6.5,180.0,2500.0,2686.5,0.8333333333333334,Order 30 units (stock: 18)
7,42,13.0,0.0,3,-2565.0,5.0,60.0,2500.0,2565.0,0.9347826086956522,Order 30 units (stock: 13)
7,43,0.0,10.0,1,-1505.5,5.5,0.0,1500.0,1505.5,1.0,Order 10 units (stock: 0)
7,44,9.0,2.0,3,-2812.805970149254,2.0,200.0,2500.0,2702.0,0.8507462686567164,Order 30 units (stock: 9)
7,45,4.0,0.0,3,-6482.488888888889,0.0,760.0,3000.0,3760.0,0.4722222222222222,Order 30 units (stock: 4)
7,46,0.0,0.0,3,-3590.8,0.0,280.0,3000.0,3280.0,0.78125,Order 30 units (stock: 0)
7,47,0.0,0.0,3,-2752.6260869565217,0.0,180.0,2500.0,2680.0,0.8695652173913043,Order 30 units (stock: 0)
7,48,0.0,0.0,3,-4444.8744186046515,0.0,520.0,3000.0,3520.0,0.6976744186046512,Order 30 units (stock: 0)
7,49,0.0,0.0,4,-4312.549253731344,0.0,340.0,3500.0,3840.0,0.7462686567164178,Large order 40 units (stock: 0)
7,50,0.0,0.0,3,-4511.269565217392,0.0,640.0,2500.0,3140.0,0.6521739130434783,Order 30 units (stock: 0)
7,51,0.0,0.0,4,-4575.707526881721,0.0,460.0,3500.0,3960.0,0.7526881720430108,Large order 40 units (stock: 0)
8,0,50.0,50.0,4,-4504.5,4.5,0.0,4500.0,4504.5,1.0,Large order 40 units (stock: 50)
8,1,4.0,5.0,5,-18900.664150943398,0.0,1940.0,4000.0,5940.0,0.08490566037735847,Large order 50 units (stock: 4)
8,2,0.0,0.0,5,-4812.639252336448,2.0,420.0,4000.0,4422.0,0.8037383177570093,Large order 50 units (stock: 0)
8,3,0.0,4.0,5,-5726.83076923077,0.0,660.0,4000.0,4660.0,0.717948717948718,Large order 50 units (stock: 0)
8,4,0.0,0.0,4,-5693.257142857143,0.0,640.0,4000.0,4640.0,0.7142857142857143,Large order 40 units (stock: 0)
8,5,0.0,0.0,4,-7817.889855072464,0.0,1160.0,3500.0,4660.0,0.5797101449275363,Large order 40 units (stock: 0)
8,6,0.0,0.0,5,-8121.392125984252,0.0,940.0,5000.0,5940.0,0.6299212598425197,Large order 50 units (stock: 0)
8,7,0.0,0.0,5,-8385.422222222223,0.0,1120.0,4000.0,5120.0,0.5555555555555556,Large order 50 units (stock: 0)
8,8,0.0,0.0,4,-4353.730081300813,0.0,460.0,3500.0,3960.0,0.8130081300813008,Large order 40 units (stock: 0)
8,9,0.0,0.0,5,-10109.283221476511,0.0,1380.0,4500.0,5880.0,0.5369127516778524,Large order 50 units (stock: 0)
8,10,0.0,0.0,5,-10599.905882352941,0.0,1320.0,5000.0,6320.0,0.5147058823529411,Large order 50 units (stock: 0)
8,11,0.0,0.0,4,-6224.0,0.0,900.0,3500.0,4400.0,0.6666666666666667,Large order 40 units (stock: 0)
8,12,0.0,0.0,5,-7418.41038961039,0.0,1080.0,4000.0,5080.0,0.6493506493506493,Large order 50 units (stock: 0)
8,13,0.0,0.0,5,-31554.835842293905,0.0,4180.0,5000.0,9180.0,0.2508960573476703,Large order 50 units (stock: 0)
8,14,0.0,0.0,5,-29759.97455830389,0.0,4060.0,5000.0,9060.0,0.2826855123674912,Large order 50 units (stock: 0)
8,15,0.0,0.0,5,-23786.405860805862,0.0,3460.0,5000.0,8460.0,0.36630036630036633,Large order 50 units (stock: 0)
8,16,0.0,0.0,5,-21048.0125984252,0.0,3080.0,5000.0,8080.0,0.39370078740157477,Large order 50 units (stock: 0)
8,17,0.0,0.0,5,-20905.71067193676,0.0,3060.0,5000.0,8060.0,0.3952569169960475,Large order 50 units (stock: 0)
8,18,0.0,0.0,5,-18380.510638297874,0.0,2700.0,5000.0,7700.0,0.42553191489361697,Large order 50 units (stock: 0)
8,19,0.0,0.0,5,-14880.302392344498,0.0,2180.0,5000.0,7180.0,0.47846889952153115,Large order 50 units (stock: 0)
8,20,0.0,0.0,5,-5823.6923076923085,0.0,600.0,4500.0,5100.0,0.7692307692307692,Large order 50 units (stock: 0)
8,21,0.0,0.0,4,-4068.9220338983055,0.0,360.0,3500.0,3860.0,0.847457627118644,Large order 40 units (stock: 0)
8,22,0.0,0.0,4,-5404.914285714286,0.0,720.0,3500.0,4220.0,0.7142857142857143,Large order 40 units (stock: 0)
8,23,0.0,0.0,4,-8151.380645161291,0.0,1080.0,4000.0,5080.0,0.564516129032258,Large order 40 units (stock: 0)
8,24,0.0,0.0,4,-8362.76923076923,0.0,1200.0,3500.0,4700.0,0.5384615384615384,Large order 40 units (stock: 0)
8,25,0.0,0.0,4,-5921.333333333333,0.0,800.0,3500.0,4300.0,0.6666666666666667,Large order 40 units (stock: 0)
8,26,0.0,0.0,4,-17514.09543147208,0.0,2540.0,3500.0,6040.0,0.35532994923857864,Large order 40 units (stock: 0)
8,27,0.0,0.0,4,-19345.025242718446,0.0,2720.0,4000.0,6720.0,0.3398058252427184,Large order 40 units (stock: 0)
8,28,0.0,0.0,4,-16844.94814814815,0.0,2380.0,4000.0,6380.0,0.37037037037037035,Large order 40 units (stock: 0)
8,29,0.0,0.0,4,-13744.658563535913,0.0,2020.0,4000.0,6020.0,0.4419889502762431,Large order 40 units (stock: 0)
8,30,0.0,0.0,4,-4210.41797752809,0.0,180.0,4000.0,4180.0,0.898876404494382,Large order 40 units (stock: 0)
8,31,0.0,0.0,3,-7511.9111111111115,0.0,1280.0,2500.0,3780.0,0.5555555555555556,Order 30 units (stock: 0)
8,32,0.0,0.0,4,-9130.068965517243,0.0,1300.0,4000.0,5300.0,0.5517241379310345,Large order 40 units (stock: 0)
8,33,0.0,0.0,4,-13612.15072463768,0.0,1760.0,4000.0,5760.0,0.3623188405797102,Large order 40 units (stock: 0)
8,34,0.0,0.0,4,-3503.5,3.5,0.0,3500.0,3503.5,1.0,Large order 40 units (stock: 0)
8,35,1.0,6.0,1,-1514.5,14.5,0.0,1500.0,1514.5,1.0,Order 10 units (stock: 1)
8,36,12.0,17.0,3,-1525.5,25.5,0.0,1500.0,1525.5,1.0,Order 30 units (stock: 12)
8,37,30.0,21.0,1,-1517.5,17.5,0.0,1500.0,1517.5,1.0,Order 10 units (stock: 30)
8,38,12.0,23.0,1,-1507.5,7.5,0.0,1500.0,1507.5,1.0,Order 10 units (stock: 12)
8,39,15.0,0.0,3,-2809.8283018867924,0.5,180.0,2500.0,2680.5,0.8301886792452831,Order 30 units (stock: 15)
8,40,1.0,0.0,3,-3792.0,0.0,380.0,2500.0,2880.0,0.62,Order 30 units (stock: 1)
8,41,0.0,0.0,1,-1610.5740740740741,0.5,100.0,1500.0,1600.5,0.9074074074074074,Order 10 units (stock: 0)
8,42,1.0,0.0,3,-2670.7531914893616,5.0,120.0,2500.0,2625.0,0.8723404255319149,Order 30 units (stock: 1)
8,43,10.0,0.0,3,-3346.6285714285714,0.0,320.0,2500.0,2820.0,0.7142857142857143,Order 30 units (stock: 10)
8,44,0.0,0.0,3,-3118.5,2.5,100.0,3000.0,3102.5,0.9,Order 30 units (stock: 0)
8,45,5.0,0.0,1,-1733.1593220338982,2.0,160.0,1500.0,1662.0,0.864406779661017,Order 10 units (stock: 5)
8,46,4.0,0.0,3,-10051.737062937063,0.0,1580.0,2500.0,4080.0,0.4475524475524476,Order 30 units (stock: 4)
8,47,0.0,0.0,4,-20545.768421052635,0.0,2440.0,4000.0,6440.0,0.19736842105263153,Large order 40 units (stock: 0)
8,48,0.0,0.0,4,-19031.650574712643,0.0,2480.0,4000.0,6480.0,0.28735632183908044,Large order 40 units (stock: 0)
8,49,0.0,0.0,4,-3749.777777777778,0.0,200.0,3500.0,3700.0,0.8888888888888888,Large order 40 units (stock: 0)
8,50,0.0,0.0,3,-3020.0,0.0,20.0,3000.0,3020.0,0.9876543209876543,Order 30 units (stock: 0)
8,51,0.0,0.0,3,-4481.6,0.0,560.0,3000.0,3560.0,0.7142857142857143,Order 30 units (stock: 0)
9,0,50.0,50.0,4,-4968.303448275862,0.0,320.0,4500.0,4820.0,0.8620689655172413,Large order 40 units (stock: 50)
9,1,0.0,0.0,5,-21720.0,0.0,2000.0,5000.0,7000.0,0.0,Large order 50 units (stock: 0)
9,2,0.0,0.0,5,-5991.124409448818,0.0,740.0,4000.0,4740.0,0.7086614173228347,Large order 50 units (stock: 0)
9,3,0.0,0.0,5,-12214.465306122449,0.0,1920.0,4000.0,5920.0,0.5102040816326531,Large order 50 units (stock: 0)
9,4,0.0,0.0,5,-27760.592592592595,0.0,3800.0,5000.0,8800.0,0.2962962962962963,Large order 50 units (stock: 0)
9,5,0.0,0.0,5,-23967.591836734693,0.0,3300.0,5000.0,8300.0,0.326530612244898,Large order 50 units (stock: 0)
9,6,0.0,0.0,5,-23495.25904059041,0.0,3420.0,5000.0,8420.0,0.36900369003690037,Large order 50 units (stock: 0)
9,7,0.0,0.0,5,-18104.55278969957,0.0,2660.0,5000.0,7660.0,0.4291845493562232,Large order 50 units (stock: 0)
9,8,0.0,0.0,5,-14880.302392344498,0.0,2180.0,5000.0,7180.0,0.47846889952153115,Large order 50 units (stock: 0)
9,9,0.0,0.0,5,-19353.97024793389,0.0,2840.0,5000.0,7840.0,0.4132231404958677,Large order 50 units (stock: 0)
9,10,0.0,0.0,5,-7290.005633802817,0.0,840.0,5000.0,5840.0,0.704225352112676,Large order 50 units (stock: 0)
9,11,0.0,0.0,4,-8064.969696969697,0.0,1300.0,3500.0,4800.0,0.6060606060606061,Large order 40 units (stock: 0)
9,12,0.0,0.0,5,-8026.666666666666,0.0,1000.0,5000.0,6000.0,0.6666666666666667,Large order 50 units (stock: 0)
9,13,0.0,0.0,5,-11746.896551724138,0.0,1500.0,5000.0,6500.0,0.48275862068965514,Large order 50 units (stock: 0)
9,14,0.0,0.0,4,-7324.182278481012,0.0,1160.0,3500.0,4660.0,0.6329113924050633,Large order 40 units (stock: 0)
9,15,0.0,0.0,4,-8032.0,0.0,1200.0,4000.0,5200.0,0.625,Large order 40 units (stock: 0)
9,16,0.0,0.0,5,-13475.625316455697,0.0,1760.0,5000.0,6760.0,0.44303797468354433,Large order 50 units (stock: 0)
9,17,0.0,0.0,4,-25996.150943396227,0.0,3700.0,4000.0,7700.0,0.30188679245283023,Large order 40 units (stock: 0)
9,18,0.0,0.0,5,-25104.158865248228,0.0,3640.0,5000.0,8640.0,0.35460992907801414,Large order 50 units (stock: 0)
9,19,0.0,0.0,5,-30068.98245614035,0.0,4100.0,5000.0,9100.0,0.2807017543859649,Large order 50 units (stock: 0)
9,20,0.0,0.0,5,-22481.406060606063,0.0,3280.0,5000.0,8280.0,0.3787878787878788,Large order 50 units (stock: 0)
9,21,0.0,0.0,4,-6531.591366906476,0.0,780.0,4500.0,5280.0,0.7194244604316546,Large order 40 units (stock: 0)
9,22,0.0,0.0,4,-2683.699082568807,0.0,180.0,2500.0,2680.0,0.9174311926605505,Large order 40 units (stock: 0)
9,23,0.0,0.0,4,-4839.556302521009,0.0,580.0,3500.0,4080.0,0.7563025210084033,Large order 40 units (stock: 0)
9,24,0.0,0.0,4,-10898.144537815127,0.0,1380.0,4000.0,5380.0,0.4201680672268907,Large order 40 units (stock: 0)
9,25,0.0,0.0,4,-7535.583739837399,0.0,1060.0,3500.0,4560.0,0.5691056910569106,Large order 40 units (stock: 0)
9,26,0.0,0.0,4,-5367.256140350877,0.0,680.0,3500.0,4180.0,0.7017543859649122,Large order 40 units (stock: 0)
9,27,0.0,0.0,4,-4732.631578947368,0.0,500.0,3500.0,4000.0,0.736842105263158,Large order 40 units (stock: 0)
9,28,0.0,0.0,3,-3154.057894736842,0.5,140.0,3000.0,3140.5,0.9078947368421053,Order 30 units (stock: 0)
9,29,1.0,0.0,3,-3026.604651162791,0.0,300.0,2500.0,2800.0,0.8255813953488372,Order 30 units (stock: 1)
9,30,0.0,0.0,3,-4444.8744186046515,0.0,520.0,3000.0,3520.0,0.6976744186046512,Order 30 units (stock: 0)
9,31,0.0,0.0,3,-4610.357894736842,0.0,520.0,3000.0,3520.0,0.6578947368421053,Order 30 units (stock: 0)
9,32,0.0,0.0,3,-9706.666666666668,0.0,1500.0,2500.0,4000.0,0.4444444444444444,Order 30 units (stock: 0)
9,33,0.0,0.0,4,-12028.306382978724,0.0,1620.0,4000.0,5620.0,0.42553191489361697,Large order 40 units (stock: 0)
9,34,0.0,0.0,4,-10073.423008849557,0.0,1260.0,4000.0,5260.0,0.4424778761061947,Large order 40 units (stock: 0)
9,35,0.0,0.0,4,-3120.0,0.0,120.0,3000.0,3120.0,0.9302325581395349,Large order 40 units (stock: 0)
9,36,0.0,0.0,3,-2580.0,0.0,80.0,2500.0,2580.0,0.9523809523809523,Order 30 units (stock: 0)
9,37,0.0,0.0,3,-3944.0,0.0,400.0,3000.0,3400.0,0.75,Order 30 units (stock: 0)
9,38,0.0,0.0,3,-3925.837254901961,7.5,320.0,3000.0,3327.5,0.6862745098039216,Order 30 units (stock: 0)
9,39,15.0,0.0,1,-1511.5,11.5,0.0,1500.0,1511.5,1.0,Order 10 units (stock: 15)
9,40,21.0,2.0,3,-2520.0,20.0,0.0,2500.0,2520.0,1.0,Order 30 units (stock: 21)
9,41,33.0,7.0,1,-1510.0,10.0,0.0,1500.0,1510.0,1.0,Order 10 units (stock: 33)
9,42,14.0,6.0,3,-2510.5,10.5,0.0,2500.0,2510.5,1.0,Order 30 units (stock: 14)
9,43,15.0,6.0,3,-2780.8,0.0,180.0,2500.0,2680.0,0.85,Order 30 units (stock: 15)
9,44,0.0,0.0,3,-3654.475438596491,3.5,280.0,3000.0,3283.5,0.7543859649122807,Order 30 units (stock: 0)
9,45,7.0,0.0,3,-3041.3786885245904,4.5,260.0,2500.0,2764.5,0.7868852459016393,Order 30 units (stock: 7)
9,46,9.0,0.0,3,-2504.5,4.5,0.0,2500.0,2504.5,1.0,Order 30 units (stock: 9)
9,47,3.0,6.0,3,-3061.5,1.5,60.0,3000.0,3061.5,0.9491525423728814,Order 30 units (stock: 3)
9,48,3.0,0.0,3,-8967.733333333334,0.0,1340.0,2500.0,3840.0,0.44166666666666665,Order 30 units (stock: 3)
9,49,0.0,0.0,4,-11805.572027972028,0.0,1660.0,3500.0,5160.0,0.4195804195804196,Large order 40 units (stock: 0)
9,50,0.0,0.0,4,-15088.302702702704,0.0,1960.0,4000.0,5960.0,0.33783783783783783,Large order 40 units (stock: 0)
9,51,0.0,0.0,4,-9604.0,0.0,1400.0,3500.0,4900.0,0.5,Large order 40 units (stock: 0)
